email,password
teste.usuario0000@teste.com.br,Mudar@123
teste.u0.1776909066292@teste.com.br,Mudar@123
teste.u0.1776909232618@teste.com.br,Mudar@123
teste.u0.1776910060341@teste.com.br,Mudar@123
teste.u0.1776912093691@teste.com.br,Mudar@123
teste.u0.1776912901143@teste.com.br,Mudar@123
teste.u0.1776913116279@teste.com.br,Mudar@123
teste.u0.1776913395249@teste.com.br,Mudar@123
teste.u0.1776913548247@teste.com.br,Mudar@123
teste.u1.1776913549725@teste.com.br,Mudar@123
teste.u0.1776913603609@teste.com.br,Mudar@123
teste.u1.1776913605100@teste.com.br,Mudar@123
teste.u2.1776913606475@teste.com.br,Mudar@123
teste.u3.1776913607827@teste.com.br,Mudar@123
teste.u4.1776913609247@teste.com.br,Mudar@123
teste.u0.1776913829417@teste.com.br,Mudar@123
teste.u1.1776913830877@teste.com.br,Mudar@123
teste.u2.1776913832262@teste.com.br,Mudar@123
teste.u3.1776913833816@teste.com.br,Mudar@123
teste.u4.1776913835141@teste.com.br,Mudar@123
teste.u5.1776913836507@teste.com.br,Mudar@123
teste.u6.1776913838940@teste.com.br,Mudar@123
teste.u7.1776913842201@teste.com.br,Mudar@123
teste.u8.1776913843602@teste.com.br,Mudar@123
teste.u0.1776914185414@teste.com.br,Mudar@123
teste.u1.1776914186943@teste.com.br,Mudar@123
teste.u2.1776914188370@teste.com.br,Mudar@123
teste.u3.1776914190017@teste.com.br,Mudar@123
teste.u4.1776914191419@teste.com.br,Mudar@123
teste.u5.1776914192796@teste.com.br,Mudar@123
teste.u6.1776914194118@teste.com.br,Mudar@123
teste.u7.1776914195493@teste.com.br,Mudar@123
teste.u8.1776914196995@teste.com.br,Mudar@123
teste.u9.1776914198487@teste.com.br,Mudar@123
teste.u10.1776914199898@teste.com.br,Mudar@123
teste.u11.1776914201262@teste.com.br,Mudar@123
teste.u12.1776914202525@teste.com.br,Mudar@123
teste.u13.1776914203889@teste.com.br,Mudar@123
teste.u14.1776914205250@teste.com.br,Mudar@123
teste.u15.1776914206830@teste.com.br,Mudar@123
teste.u16.1776914208151@teste.com.br,Mudar@123
teste.u17.1776914209583@teste.com.br,Mudar@123
teste.u18.1776914210882@teste.com.br,Mudar@123
teste.u19.1776914212254@teste.com.br,Mudar@123
teste.u20.1776914213676@teste.com.br,Mudar@123
teste.u21.1776914215172@teste.com.br,Mudar@123
teste.u22.1776914216637@teste.com.br,Mudar@123
teste.u23.1776914218034@teste.com.br,Mudar@123
teste.u24.1776914219437@teste.com.br,Mudar@123
teste.u25.1776914220858@teste.com.br,Mudar@123
teste.u26.1776914222277@teste.com.br,Mudar@123
teste.u27.1776914223768@teste.com.br,Mudar@123
teste.u28.1776914225156@teste.com.br,Mudar@123
teste.u29.1776914226577@teste.com.br,Mudar@123
teste.u0.1776915665209@teste.com.br,Mudar@123
teste.u1.1776915666678@teste.com.br,Mudar@123
teste.u2.1776915668124@teste.com.br,Mudar@123
teste.u3.1776915669688@teste.com.br,Mudar@123
teste.u4.1776915671086@teste.com.br,Mudar@123
teste.u5.1776915672487@teste.com.br,Mudar@123
teste.u6.1776915673787@teste.com.br,Mudar@123
teste.u7.1776915675138@teste.com.br,Mudar@123
teste.u8.1776915676634@teste.com.br,Mudar@123
teste.u9.1776915678165@teste.com.br,Mudar@123
teste.u10.1776915679585@teste.com.br,Mudar@123
teste.u11.1776915680965@teste.com.br,Mudar@123
teste.u12.1776915682253@teste.com.br,Mudar@123
teste.u13.1776915683670@teste.com.br,Mudar@123
teste.u14.1776915685128@teste.com.br,Mudar@123
teste.u15.1776915686685@teste.com.br,Mudar@123
teste.u16.1776915688012@teste.com.br,Mudar@123
teste.u17.1776915689479@teste.com.br,Mudar@123
teste.u18.1776915690761@teste.com.br,Mudar@123
teste.u19.1776915692143@teste.com.br,Mudar@123
teste.u20.1776915693503@teste.com.br,Mudar@123
teste.u21.1776915695033@teste.com.br,Mudar@123
teste.u22.1776915696398@teste.com.br,Mudar@123
teste.u23.1776915697800@teste.com.br,Mudar@123
teste.u24.1776915699145@teste.com.br,Mudar@123
teste.u25.1776915700545@teste.com.br,Mudar@123
teste.u26.1776915702078@teste.com.br,Mudar@123
teste.u27.1776915703636@teste.com.br,Mudar@123
teste.u28.1776915705050@teste.com.br,Mudar@123
teste.u29.1776915706469@teste.com.br,Mudar@123
teste.u30.1776915707833@teste.com.br,Mudar@123
teste.u31.1776915709293@teste.com.br,Mudar@123
teste.u32.1776915710693@teste.com.br,Mudar@123
teste.u33.1776915712242@teste.com.br,Mudar@123
teste.u34.1776915713584@teste.com.br,Mudar@123
teste.u35.1776915714973@teste.com.br,Mudar@123
teste.u36.1776915716293@teste.com.br,Mudar@123
teste.u37.1776915717766@teste.com.br,Mudar@123
teste.u38.1776915719302@teste.com.br,Mudar@123
teste.u39.1776915720832@teste.com.br,Mudar@123
teste.u40.1776915722146@teste.com.br,Mudar@123
teste.u41.1776915723511@teste.com.br,Mudar@123
teste.u42.1776915724834@teste.com.br,Mudar@123
teste.u43.1776915726283@teste.com.br,Mudar@123
teste.u44.1776915727682@teste.com.br,Mudar@123
teste.u45.1776915729244@teste.com.br,Mudar@123
teste.u46.1776915730562@teste.com.br,Mudar@123
teste.u47.1776915731910@teste.com.br,Mudar@123
teste.u48.1776915733205@teste.com.br,Mudar@123
teste.u49.1776915734570@teste.com.br,Mudar@123
teste.u50.1776915736013@teste.com.br,Mudar@123
teste.u51.1776915737559@teste.com.br,Mudar@123
teste.u52.1776915738925@teste.com.br,Mudar@123
teste.u53.1776915740295@teste.com.br,Mudar@123
teste.u54.1776915741551@teste.com.br,Mudar@123
teste.u55.1776915742921@teste.com.br,Mudar@123
teste.u56.1776915744368@teste.com.br,Mudar@123
teste.u57.1776915745946@teste.com.br,Mudar@123
teste.u58.1776915747259@teste.com.br,Mudar@123
teste.u59.1776915748693@teste.com.br,Mudar@123
teste.u60.1776915749939@teste.com.br,Mudar@123
teste.u61.1776915751299@teste.com.br,Mudar@123
teste.u62.1776915752736@teste.com.br,Mudar@123
teste.u63.1776915754294@teste.com.br,Mudar@123
teste.u64.1776915755667@teste.com.br,Mudar@123
teste.u65.1776915757055@teste.com.br,Mudar@123
teste.u66.1776915758401@teste.com.br,Mudar@123
teste.u67.1776915759756@teste.com.br,Mudar@123
teste.u68.1776915761146@teste.com.br,Mudar@123
teste.u69.1776915762603@teste.com.br,Mudar@123
teste.u70.1776915763915@teste.com.br,Mudar@123
teste.u71.1776915765337@teste.com.br,Mudar@123
teste.u72.1776915766603@teste.com.br,Mudar@123
teste.u73.1776915768044@teste.com.br,Mudar@123
teste.u74.1776915769460@teste.com.br,Mudar@123
teste.u75.1776915771018@teste.com.br,Mudar@123
teste.u76.1776915772371@teste.com.br,Mudar@123
teste.u77.1776915773690@teste.com.br,Mudar@123
teste.u78.1776915774978@teste.com.br,Mudar@123
teste.u79.1776915776329@teste.com.br,Mudar@123
teste.u80.1776915777769@teste.com.br,Mudar@123
teste.u81.1776915779330@teste.com.br,Mudar@123
teste.u82.1776915780660@teste.com.br,Mudar@123
teste.u83.1776915782071@teste.com.br,Mudar@123
teste.u84.1776915783345@teste.com.br,Mudar@123
teste.u85.1776915784799@teste.com.br,Mudar@123
teste.u86.1776915786181@teste.com.br,Mudar@123
teste.u87.1776915787736@teste.com.br,Mudar@123
teste.u88.1776915789139@teste.com.br,Mudar@123
teste.u89.1776915790475@teste.com.br,Mudar@123
teste.u90.1776915791735@teste.com.br,Mudar@123
teste.u91.1776915793101@teste.com.br,Mudar@123
teste.u92.1776915794551@teste.com.br,Mudar@123
teste.u93.1776915796065@teste.com.br,Mudar@123
teste.u94.1776915797443@teste.com.br,Mudar@123
teste.u95.1776915798795@teste.com.br,Mudar@123
teste.u96.1776915800054@teste.com.br,Mudar@123
teste.u97.1776915801422@teste.com.br,Mudar@123
teste.u98.1776915802854@teste.com.br,Mudar@123
teste.u99.1776915804358@teste.com.br,Mudar@123
teste.u100.1776915805666@teste.com.br,Mudar@123
teste.u101.1776915807077@teste.com.br,Mudar@123
teste.u102.1776915808372@teste.com.br,Mudar@123
teste.u103.1776915809729@teste.com.br,Mudar@123
teste.u104.1776915811094@teste.com.br,Mudar@123
teste.u105.1776915812529@teste.com.br,Mudar@123
teste.u106.1776915813873@teste.com.br,Mudar@123
teste.u107.1776915815233@teste.com.br,Mudar@123
teste.u108.1776915816538@teste.com.br,Mudar@123
teste.u109.1776915817896@teste.com.br,Mudar@123
teste.u110.1776915819263@teste.com.br,Mudar@123
teste.u111.1776915820763@teste.com.br,Mudar@123
teste.u112.1776915822064@teste.com.br,Mudar@123
teste.u113.1776915823422@teste.com.br,Mudar@123
teste.u114.1776915824687@teste.com.br,Mudar@123
teste.u115.1776915826089@teste.com.br,Mudar@123
teste.u116.1776915827482@teste.com.br,Mudar@123
teste.u117.1776915828956@teste.com.br,Mudar@123
teste.u118.1776915830297@teste.com.br,Mudar@123
teste.u119.1776915831667@teste.com.br,Mudar@123
teste.u120.1776915832978@teste.com.br,Mudar@123
teste.u121.1776915834345@teste.com.br,Mudar@123
teste.u122.1776915835747@teste.com.br,Mudar@123
teste.u123.1776915837318@teste.com.br,Mudar@123
teste.u124.1776915838685@teste.com.br,Mudar@123
teste.u125.1776915840025@teste.com.br,Mudar@123
teste.u126.1776915841270@teste.com.br,Mudar@123
teste.u127.1776915842688@teste.com.br,Mudar@123
teste.u128.1776915844094@teste.com.br,Mudar@123
teste.u129.1776915845616@teste.com.br,Mudar@123
teste.u130.1776915846923@teste.com.br,Mudar@123
teste.u131.1776915848281@teste.com.br,Mudar@123
teste.u132.1776915849590@teste.com.br,Mudar@123
teste.u133.1776915850971@teste.com.br,Mudar@123
teste.u134.1776915852379@teste.com.br,Mudar@123
teste.u135.1776915853892@teste.com.br,Mudar@123
teste.u136.1776915855229@teste.com.br,Mudar@123
teste.u137.1776915856582@teste.com.br,Mudar@123
teste.u138.1776915857868@teste.com.br,Mudar@123
teste.u139.1776915859239@teste.com.br,Mudar@123
teste.u140.1776915860610@teste.com.br,Mudar@123
teste.u141.1776915862137@teste.com.br,Mudar@123
teste.u142.1776915863473@teste.com.br,Mudar@123
teste.u143.1776915864861@teste.com.br,Mudar@123
teste.u144.1776915866739@teste.com.br,Mudar@123
teste.u145.1776915868089@teste.com.br,Mudar@123

